2019-09-14 14:49:09,"b'#Msft analogies, with #Windows in an #Office. Strongly dislike \xe2\x80\x9copen floor\xe2\x80\x9d, \xe2\x80\x9copen space\xe2\x80\x9d plans because, ppl not be\xe2\x80\xa6 https://t.co/NzBFrT8KWi'",20
2019-09-14 13:33:08,b'\xf0\x9f\x92\xaf\xf0\x9f\x94\x9b\xf0\x9f\x96\xa5@Microsoft: Microsoft President: Democracy Is at Stake. Regulate Big Tech https://t.co/CBEGmgrLVV $MSFT\xe2\x80\xa6 https://t.co/bFK1Sd5zhH',1989
2019-09-14 06:01:24,"b'RT @hardikpnp: #AIGamingDDU\n#MSFT\nAI and Gaming, Are we learning or playing? A little bit of both. https://t.co/XQwUBuDjHE'",4374
2019-09-14 05:57:08,"b'#AIGamingDDU\n#MSFT\nAI and Gaming, Are we learning or playing? A little bit of both. https://t.co/XQwUBuDjHE'",47
2019-09-14 05:50:04,b'#MSFT @MSFTImagine\n@Microsoft\n#AIGamingDDU\nFun time with AI gaming https://t.co/g9HPRlSXhK',147
2019-09-14 04:21:28,"b'Even if it does not make business sense for #MSFT, I would want to see it happen! :-D \nBTW, if you want like puns,\xe2\x80\xa6 https://t.co/Tk9FKqddD4'",573
2019-09-14 02:52:02,b'not selling massive surveillance facial recognition ... does not rule out GIVING IT AWAY. #MSFT https://t.co/NTtfnNujDS',10404
2019-09-14 01:01:05,"b'Now Playing Baauer, msft - Sow (msft edit) @baauer, #msft'",4912
2019-09-13 21:57:24,b'Meanwhile #MSFT has a higher market cap then all of them so they must be doing something right.',562
2019-09-13 21:00:00,b'#MSFT - ((MSFT ((put - TradingView - https://t.co/Xtr9BAPBE8',1955
2019-09-13 20:24:18,b'$MSFT breaks back below 50-day moving average: https://t.co/N1r1zCGDHo\nSentiment: Neutral #MSFT #Microsoft',216
2019-09-13 19:47:33,b'RT @YGT_Mr_Howells: Good shift from Yr. 10 GCSE PE group performing MSFT Today. Sam Price top scored #level12 #MSFT https://t.co/Mo63ogBqwR',32
2019-09-13 19:29:54,b'Good shift from Yr. 10 GCSE PE group performing MSFT Today. Sam Price top scored #level12 #MSFT https://t.co/Mo63ogBqwR',692
2019-09-13 18:38:50,b'#azuresql #MSFT on the top. https://t.co/8JH4WdBVhF',600
2019-09-13 16:38:26,b'#Tesla #tsla #TSLAtstock #Teslapriceforecast #TSLAPrediction #stockforecastservice #NYSE #NASDAQ #stock\xe2\x80\xa6 https://t.co/xpdAZ2V0BN',8
2019-09-13 15:58:05,b'#Tesla #tsla #TSLAtstock #Teslapriceforecast #TSLAPrediction #stockforecastservice #NYSE #NASDAQ #stock\xe2\x80\xa6 https://t.co/4EtjULbxWJ',8
2019-09-13 15:54:05,b'RT @pcgeek86: \xf0\x9f\x92\xbb\xf0\x9f\x91\xa8\xe2\x80\x8d\xf0\x9f\x94\xa7Leverage your existing #PowerShell skills to define cross-platform system configuration requirements \n\nhttps://t.co/Uu1KX\xe2\x80\xa6',424
2019-09-13 15:31:43,b'Comparing Bull/Bear Strength:\nPrice to daily EMA50:\n\n  #NDX  2.73%\n  #SPX  2.94%\n  #DJI  3.26%\n\n  #AMZN  0.17%\xe2\x80\xa6 https://t.co/uuy72wEtmu',396
2019-09-13 15:30:07,b'Microsoft Authenticator on Android gets cloud backup and recovery #MSFT  https://t.co/RQU30CJoSW',226
2019-09-13 13:42:02,b'The $1 trillion companies: Microsoft is still bigger and better than Apple #MSFT #APPL https://t.co/S7rStX3A3Y',1608
2019-09-13 10:44:13,b'What a great and exciting experience to coach the Modern Data Warehousing OpenHack in London for the past three day\xe2\x80\xa6 https://t.co/607KFp9eMr',124
2019-09-13 09:36:00,"b'RT @simonjhughes: Join us at biggest UK customer and partner event in October at the Excel, Docklands. #FutureDecoded is always worth it fo\xe2\x80\xa6'",924
2019-09-13 09:28:09,"b'Join us at biggest UK customer and partner event in October at the Excel, Docklands. #FutureDecoded is always worth\xe2\x80\xa6 https://t.co/pn7s904dBl'",2795
2019-09-13 05:04:54,b'RT @MSIntune: #MSFT named a leader in the new Gartner_inc 2019 MQ for Unified Endpoint Management Tools\n\nhttps://t.co/ah0MSErg8O\n\n#Microsof\xe2\x80\xa6',106
2019-09-13 03:58:44,b'IoT memories. :D #MSFT #YETAGAIN https://t.co/pAufOzA9ez',1528
2019-09-12 22:11:10,"b""RT @DarkReading: ICYMI: Microsoft patched 2 zero-days in this month's Patch Tuesday rollout. More on which bugs had already been exploited\xe2\x80\xa6""",141
2019-09-12 21:58:12,b'#msft saved my day https://t.co/PAggOq0tSI',4
2019-09-12 20:44:52,b'$MSFT breaks back above 50-day moving average: https://t.co/1PLYofHvwJ\nSentiment: Neutral #MSFT #Microsoft',216
2019-09-12 20:02:04,"b""RT @DarkReading: ICYMI: Microsoft patched 2 zero-days in this month's Patch Tuesday rollout. More on which bugs had already been exploited\xe2\x80\xa6""",1253
2019-09-12 19:25:03,b'Microsoft Whiteboard app for Windows 10 updated with new features - MSPoweruser https://t.co/eB5FkLsBrw\n#Microsoft\xe2\x80\xa6 https://t.co/V3LEtLM3EJ',336
2019-09-12 19:25:03,b'Security and compliance considerations for Microsoft Teams | CSO Online https://t.co/w417pgidUh\n#Security\xe2\x80\xa6 https://t.co/M0QDcaDNco',668
2019-09-12 19:09:51,b'RT @pcgeek86: \xf0\x9f\x92\xbb\xf0\x9f\x91\xa8\xe2\x80\x8d\xf0\x9f\x94\xa7Leverage your existing #PowerShell skills to define cross-platform system configuration requirements \n\nhttps://t.co/Uu1KX\xe2\x80\xa6',45
2019-09-12 17:39:51,"b""RT @DarkReading: ICYMI: Microsoft patched 2 zero-days in this month's Patch Tuesday rollout. More on which bugs had already been exploited\xe2\x80\xa6""",204
2019-09-12 17:32:39,"b""RT ICYMI: Microsoft patched 2 zero-days in this month's Patch Tuesday rollout. More on which bugs had already been\xe2\x80\xa6 https://t.co/Bd9X3FXEgm""",181
2019-09-12 17:31:38,b'Took these profits yesterday and securing more today. DM me for info on joining a mentorship program to get you sta\xe2\x80\xa6 https://t.co/AFoadatsx6',452
2019-09-12 17:31:17,"b""RT ICYMI: Microsoft patched 2 zero-days in this month's Patch Tuesday rollout. More on which bugs had already been\xe2\x80\xa6 https://t.co/RLDP83qCEv""",353
2019-09-12 17:29:48,"b""RT @DarkReading: ICYMI: Microsoft patched 2 zero-days in this month's Patch Tuesday rollout. More on which bugs had already been exploited\xe2\x80\xa6""",58
2019-09-12 17:28:41,"b""ICYMI: Microsoft patched 2 zero-days in this month's Patch Tuesday rollout. More on which bugs had already been exp\xe2\x80\xa6 https://t.co/Brk9lUSZFD""",211784
2019-09-12 17:25:03,b'Security and compliance considerations for Microsoft Teams | CSO Online https://t.co/Xo0eDIwVDp\n#Security\xe2\x80\xa6 https://t.co/unIUPevlnc',336
2019-09-12 17:25:03,b'Microsoft Whiteboard app for Windows 10 updated with new features - MSPoweruser https://t.co/8kv9dzvnUv\n#Microsoft\xe2\x80\xa6 https://t.co/ktOcZ0OZey',668
2019-09-12 16:31:21,b'Windows performance tuning - Rebuild Icon cache \nWatch and subscribe our channel for future tips and tricks \nStep b\xe2\x80\xa6 https://t.co/zUOVzL9BEq',1
2019-09-12 15:35:04,b'Microsoft September Patch Tuesday Fixes Two Zero-Day Vulnerabilities - WinBuzzer https://t.co/V1ilftjefF\n#Microsoft\xe2\x80\xa6 https://t.co/WS2DlNNUmO',668
2019-09-12 15:32:06,b'Comparing Bull/Bear Strength:\nPrice to daily EMA50:\n\n  #NDX  3.22%\n  #SPX  2.9%\n  #DJI  3.18%\n\n  #AMZN  0.54%\xe2\x80\xa6 https://t.co/U8IoWvVcgZ',396
2019-09-12 15:15:08,b'New Microsoft Surface device powered by Intel Ice Lake could be coming soon | TechRadar https://t.co/dNcOp2Z9GU\xe2\x80\xa6 https://t.co/ThUfcr22sr',336
2019-09-12 15:06:18,b'The Brokers at GSIMarkets whould like to inform you that: Microsoft Corp (MSFT) stock rose by 1.0799%! Currently pr\xe2\x80\xa6 https://t.co/wPi04ER4uM',534
2019-09-12 13:35:04,b'Microsoft September Patch Tuesday Fixes Two Zero-Day Vulnerabilities - WinBuzzer https://t.co/2TEHGftZGO\n#Microsoft\xe2\x80\xa6 https://t.co/Xj16fPVVrX',336
2019-09-12 13:15:07,b'New Microsoft Surface device powered by Intel Ice Lake could be coming soon | TechRadar https://t.co/Yw3bMPotjD\xe2\x80\xa6 https://t.co/vcjiG4g40n',668
2019-09-12 12:57:42,b'Did you know you can run Dynamics 365 for Finance and Operations on-prem? Check out our tutorial:\xe2\x80\xa6 https://t.co/05tqF4dw3p',1
2019-09-12 12:52:15,b'#microsoft #microsoftstock #NYSE #NASDAQ #stock #stockforecast #MSFT #stockprice #LSELondon #SGX #IDX #HKEX Microso\xe2\x80\xa6 https://t.co/A0JWQrlGwV',8
2019-09-12 12:52:00,b'RT @pcgeek86: \xf0\x9f\x92\xbb\xf0\x9f\x91\xa8\xe2\x80\x8d\xf0\x9f\x94\xa7Leverage your existing #PowerShell skills to define cross-platform system configuration requirements \n\nhttps://t.co/Uu1KX\xe2\x80\xa6',4215
2019-09-12 11:58:47,b'#Diaspark #Webinar on #MSFT #Azure #IoT #Hub facilitating seamless bi-directional #communication https://t.co/jyL2vlF9vE',171
2019-09-12 11:29:49,b'PowerApps designer makes your work in progress easier #tipoftheday #tip1307 #powerapps #powerplatform #dynamics365\xe2\x80\xa6 https://t.co/nldJHdNAOa',324
2019-09-12 11:25:58,b'#microsoft #microsoftstock #NYSE #NASDAQ #stock #stockforecast #MSFT #stockprice #LSELondon #SGX #IDX #HKEX Accurat\xe2\x80\xa6 https://t.co/oTV58g2nrY',8
2019-09-12 11:10:48,"b'If you want to sell #MSDyn365BC product, you need to sell also many other products, and not necessarily #MSFT produ\xe2\x80\xa6 https://t.co/ggBPc2W2aY'",33
2019-09-12 10:29:59,"b'If you want to sell #MSDyn365BC product, you need to sell also many other products, and not necessarily #MSFT produ\xe2\x80\xa6 https://t.co/bEDhFoHHWi'",631
2019-09-12 07:17:52,"b'With a more \xe2\x80\x98open\xe2\x80\x99 strategy, Microsoft products are more available across other platforms. With a focus on the futu\xe2\x80\xa6 https://t.co/H4BKwPDuvY'",1077
2019-09-12 05:26:20,"b""Slides from the workshop I delivered at Tuesday's Microsoft ILDC's Breeze Student. #Azure #AI #MSFT #israel\xe2\x80\xa6 https://t.co/gi8eP9bsCN""",823
2019-09-12 02:43:56,b'Wow. Never thought of that. #MSFT what an amazing company. https://t.co/cdI9KpuCjn',774
2019-09-12 01:09:49,b'Interesting reflection on #msft Access and it\xe2\x80\x99s \xe2\x80\x9csimple enough\xe2\x80\x9d environment; https://t.co/wqBoK1VDox Deep Learning\xe2\x80\xa6 https://t.co/enrV0jj8Ll',72
2019-09-12 00:36:19,b'RT @majorgeeks: How-to #5 for the day - Microsoft Edge: Administrator Mode Detected - https://t.co/gUgsJnxEfn\n\n#MicrosoftEdge #Chromium #Mi\xe2\x80\xa6',4565
2019-09-11 23:25:03,"b""Microsoft's Portable Speaker Patent Looks a Bit like the Echo Dot - WinBuzzer https://t.co/6L2aPxLfhN\n#Microsoft\xe2\x80\xa6 https://t.co/FLlx58Vgkj""",336
2019-09-11 23:20:03,b'Microsoft Introduces New Yammer UI Design on iOS and Android - WinBuzzer https://t.co/uYHvlOkE88\n#Microsoft #Yammer\xe2\x80\xa6 https://t.co/JGd56hhIfr',668
2019-09-11 21:30:19,b'How-to #5 for the day - Microsoft Edge: Administrator Mode Detected - https://t.co/gUgsJnxEfn\n\n#MicrosoftEdge\xe2\x80\xa6 https://t.co/ojLcgQ9WOj',12916
2019-09-11 21:25:02,"b""Microsoft's Portable Speaker Patent Looks a Bit like the Echo Dot - WinBuzzer https://t.co/T9esyPvcH9\n#Microsoft\xe2\x80\xa6 https://t.co/iuDRsdqAFT""",668
2019-09-11 21:19:28,b'RT @Mirazon: Tips for Using @Microsoft Planner: https://t.co/Bzpv8RVJdS #office365 #msft',298
2019-09-11 21:09:03,b'Tips for Using @Microsoft Planner: https://t.co/qTof2EwQNC #office365 #msft',528
2019-09-11 21:01:36,b'$MSFT closes above its opening price after recovering from early selling pressure: https://t.co/TEBRzfvRaY\nSentimen\xe2\x80\xa6 https://t.co/PA6RKcYhcU',216
2019-09-11 21:01:01,b'Tips for Using @Microsoft Planner: https://t.co/Bzpv8RVJdS #office365 #msft',646
2019-09-11 21:00:53,b'Microsoft Introduces New Yammer UI Design on iOS and Android - WinBuzzer https://t.co/iQhiTf0gac\n#Microsoft #Yammer\xe2\x80\xa6 https://t.co/8a61Xqd79w',336
2019-09-11 19:54:01,b'Every iPad wants to be a Surface now #MicrosoftEDU #MSFT #Surface\nhttps://t.co/xpxjfIoYzr',479
2019-09-11 19:29:53,b'RT @pavliks_com: A Microsoft Teams for Linux Client Is Officially in the Works - WinBuzzer https://t.co/GAWrUvbQ9Z\n#Microsoft #MicrosoftTea\xe2\x80\xa6',1373
2019-09-11 19:28:33,b'RT @pavliks_com: A Microsoft Teams for Linux Client Is Officially in the Works - WinBuzzer https://t.co/GAWrUvbQ9Z\n#Microsoft #MicrosoftTea\xe2\x80\xa6',515
2019-09-11 19:25:02,b'A Microsoft Teams for Linux Client Is Officially in the Works - WinBuzzer https://t.co/GAWrUvbQ9Z\n#Microsoft\xe2\x80\xa6 https://t.co/WOvgfrh8WI',336
2019-09-11 19:20:04,b'Microsoft Will Host a Business Applications Virtual Launch Event next Month - WinBuzzer https://t.co/ooMCVQY74J\xe2\x80\xa6 https://t.co/AVnYzWjuld',668
2019-09-11 18:47:15,"b'Great quote for all disruptive tech companies to hear - \xe2\x80\x9cWhen your technology changes the world, you bear a respons\xe2\x80\xa6 https://t.co/TI3Y5yCvPc'",323
2019-09-11 18:32:30,b'\xf0\x9f\x92\xbb\xf0\x9f\x91\xa8\xe2\x80\x8d\xf0\x9f\x94\xa7Leverage your existing #PowerShell skills to define cross-platform system configuration requirements\xe2\x80\xa6 https://t.co/dEpwZShQby',4215
2019-09-11 17:25:04,b'A Microsoft Teams for Linux Client Is Officially in the Works - WinBuzzer https://t.co/95ObSemnSQ\n#Microsoft\xe2\x80\xa6 https://t.co/7aZxVh3EuI',668
2019-09-11 17:20:04,b'Microsoft Will Host a Business Applications Virtual Launch Event next Month - WinBuzzer https://t.co/fFXld5mwu7\xe2\x80\xa6 https://t.co/94e9MAsHHO',336
2019-09-11 16:18:54,b'Top boy and girl today!! Smashed it! \xf0\x9f\x92\xaa\xf0\x9f\x8f\xbc#MSFT https://t.co/9A8KZ9zTN5',858
2019-09-11 15:35:05,"b""'Microsoft The Musical' Is The Geekiest Tribute To The Tech Giant's History - Mashable India\xe2\x80\xa6 https://t.co/2Fx6LXFXyq""",668
2019-09-11 15:30:36,b'Comparing Bull/Bear Strength:\nPrice to daily EMA50:\n\n  #NDX  2.2%\n  #SPX  2.11%\n  #DJI  2.31%\n\n  #AMZN  -0.52%\xe2\x80\xa6 https://t.co/2zP1EwqTJ9',396
2019-09-11 15:16:39,b'AZ-500: Microsoft Azure Security Technologies Study Guide is now available \n\nhttps://t.co/oXRDZOntcS\n\n#MSFT #Azure\xe2\x80\xa6 https://t.co/XwGDOU5u7U',7744
2019-09-11 13:35:07,"b""'Microsoft The Musical' Is The Geekiest Tribute To The Tech Giant's History - Mashable India\xe2\x80\xa6 https://t.co/xLilr9dFt4""",336
2019-09-11 10:30:33,b'#AAPL #MSFT #GOOGL and #AVGO Comparison after yesterdays event\n\nDraw your own conclusions\n\n#Stocks involve risk\nThi\xe2\x80\xa6 https://t.co/j4VxX1jGGZ',485
2019-09-11 10:30:14,b'My blog: Understanding Microsoft AppSource and Dynamics 365 #CRM #msft https://t.co/Hs95qw3Gh5 https://t.co/GkzFGk7ju3',13728
2019-09-11 07:54:03,"b'RT @dagautier: #IHAI19\nTime to do something, isn\xe2\x80\x99t it ?\n\n#MedTech #AI #NLP #ProjectEmpoweredMD #MSFT https://t.co/ufsrWMhfgE'",2697
2019-09-11 07:43:53,"b'#IHAI19\nTime to do something, isn\xe2\x80\x99t it ?\n\n#MedTech #AI #NLP #ProjectEmpoweredMD #MSFT https://t.co/ufsrWMhfgE'",1946
2019-09-11 07:26:06,b'RT @samuelmcneill: Do you need to manage multiple #Intune tenants? Spent time making perfect configurations in a dev tenant but need to tak\xe2\x80\xa6',241
2019-09-11 07:02:33,b'Do you need to manage multiple #Intune tenants? Spent time making perfect configurations in a dev tenant but need t\xe2\x80\xa6 https://t.co/9BKwtH8m5i',2667
2019-09-11 05:58:45,b'RT @dilbolz: Technology is always impressing me ! \n\nAI technology \xe2\x9d\xa4\xef\xb8\x8f\n\nMicrosoft Envision Forum 2019 \n\n#MSFT #MicrosoftLife \n\n@avishkamusic\xe2\x80\xa6',668
2019-09-11 05:55:22,b'Technology is always impressing me ! \n\nAI technology \xe2\x9d\xa4\xef\xb8\x8f\n\nMicrosoft Envision Forum 2019 \n\n#MSFT #MicrosoftLife\xe2\x80\xa6 https://t.co/fPq8A82ybU',1131
2019-09-11 05:15:00,b'@MarkDice $aapl is a fashion brand ... $msft in an integral part of business enterprise ... their lies the differen\xe2\x80\xa6 https://t.co/iJipFyOlAO',159
2019-09-11 04:55:49,b'@ItsReallyNick @Mandiant @SElovitz So you prevent for #BlueKeep #DejaBlue and #Ransomware and raise the risk for\xe2\x80\xa6 https://t.co/wLMxtywKJi',33
2019-09-11 02:33:19,b'RT @NicoleDenil: Thanks @Bruno_dafactory for presenting your amazing #NexxtLevel Smart home solution at Latin America Channels Forum #MSFT\xe2\x80\xa6',50
2019-09-11 00:30:01,"b'For some of us #MSFT fan-ployees, absence does make the heart grow fonder. Good to see you Clippy! https://t.co/KnXZQ1q9Pe'",178
2019-09-10 23:32:16,b'RT @WGA_CONSULTING: Revenue generated each hour:\n#Amazon $29.0 million per hour\n#Apple     $24.6 million per hour\n#Google   $17.8 million p\xe2\x80\xa6',1354
2019-09-10 22:55:07,b'@HumanProgress #Marx could not anticipate that workers in a century plus will become partners in firms like #MSFT\xe2\x80\xa6 https://t.co/m6Dym0Zapu',2422
2019-09-10 22:11:56,b'#Autochartist #MSFT #RisingWedge #Bearish \nMicrosoft Corporation is heading towards the support line of a Rising We\xe2\x80\xa6 https://t.co/D5bXgZVPPl',11563
2019-09-10 21:53:28,"b'For some of us #MSFT fan-ployees, absence does make the heart grow fonder. Good to see you Clippy! #MSFTAdvocate https://t.co/bPkTpTeFBY'",113
2019-09-10 20:50:38,b'RT @cbronline: Microsoft Rolls Out Automated Office 365 Incident Response Tools https://t.co/sLNXsMcICQ #office365 #cybersecurity #msft #ad\xe2\x80\xa6',2887
2019-09-10 20:34:54,b'$MSFT finds buyers at key support level: https://t.co/SDHbsYfyrp\nSentiment: Bearish #MSFT #Microsoft',216
2019-09-10 17:04:20,b'Did apple just swagger jack msft keynote message. \xe2\x80\x9cWe develop tech that empowers people\xe2\x80\x9d wow #apple #msft',106
2019-09-10 15:35:04,b'SES Extends Global Reach of Microsoft Azure ExpressRoute with Multi-orbit Satellite Systems https://t.co/4mwcGmYt1m\xe2\x80\xa6 https://t.co/rxBzs80ylO',668
2019-09-10 15:31:32,b'Comparing Bull/Bear Strength:\nPrice to daily EMA50:\n\n  #NDX  0.91%\n  #SPX  1.22%\n  #DJI  1.54%\n\n  #AMZN  -1.39%\xe2\x80\xa6 https://t.co/jXiB1I97dx',396
2019-09-10 15:18:07,"b'The Intrazone, episode 37: \xe2\x80\x9cSharePoint is the elected official\xe2\x80\x9d\n\n#SharePoint #Office365 #Microsoft\xe2\x80\xa6 https://t.co/mIHT9SKjkb'",54
2019-09-10 13:30:24,b'SES Extends Global Reach of Microsoft Azure ExpressRoute with Multi-orbit Satellite Systems https://t.co/slEkSr9yPC\xe2\x80\xa6 https://t.co/qnDhYzUKtg',336
2019-09-10 13:25:52,b'Best in the Bleep!! Highest scorers in this afternoons @ebbwfawr Yr8 PE group! #topperfomers #topsathletes #msft https://t.co/j0asTrLJkD',858
2019-09-10 13:25:37,b'Excellent performances from these @ebbwfawr yr8 pupils in the bleep test this afternoon #toprunners #teamebbw #msft https://t.co/i1LTYh76Dm',858
2019-09-10 13:11:52,"b'9Sep2019 @jimcramer #StopTrading #alert "" $AMGN &amp; $LLY give news on cancer &amp; $MSFT slows"" #amgn #lly #msft\xe2\x80\xa6 https://t.co/QmTPJCeQ2n'",110
2019-09-10 12:39:34,b'RT @EFLC_PE: Best in the Bleep!! Highest scorers in this afternoons @ebbwfawr Yr8 PE group! #topperfomers #topsathletes #msft https://t.co/\xe2\x80\xa6',2024
2019-09-10 12:38:56,b'RT @EFLC_PE: Best in the Bleep!! Highest scorers in this mornings @ebbwfawr Yr7 PE group! #topperfomers #topsathletes #msft https://t.co/cm\xe2\x80\xa6',2024
2019-09-10 12:38:52,b'RT @EFLC_PE: Awesome effort from these @ebbwfawr year 7 pupils in the bleep test. Top scorers!!!  #topperfomers #topsathletes #msft https:/\xe2\x80\xa6',2024
2019-09-10 12:38:49,b'RT @EFLC_PE: Best in the Bleep!! Highest scorers in this mornings @ebbwfawr Yr7 PE group! #topperfomers #topsathletes #msft https://t.co/Sv\xe2\x80\xa6',2024
2019-09-10 12:08:55,b'RT @cbronline: Microsoft Rolls Out Automated Office 365 Incident Response Tools https://t.co/sLNXsMcICQ #office365 #cybersecurity #msft #ad\xe2\x80\xa6',2887
2019-09-10 09:58:31,b'RT @EFLC_PE: Awesome effort from these @ebbwfawr year 7 pupils in the bleep test. Top scorers!!!  #topperfomers #topsathletes #msft https:/\xe2\x80\xa6',404
2019-09-10 09:58:01,b'RT @EFLC_PE: Best in the Bleep!! Highest scorers in this mornings @ebbwfawr Yr7 PE group! #topperfomers #topsathletes #msft https://t.co/cm\xe2\x80\xa6',404
2019-09-10 09:57:40,b'Best in the Bleep!! Highest scorers in this mornings @ebbwfawr Yr7 PE group! #topperfomers #topsathletes #msft https://t.co/cmIOkoY7rL',858
2019-09-10 09:57:07,b'Awesome effort from these @ebbwfawr year 7 pupils in the bleep test. Top scorers!!!  #topperfomers #topsathletes\xe2\x80\xa6 https://t.co/aQBN2bW5XX',858
2019-09-10 09:45:01,b'Latest watch list:\n#BLD\n#LHX\n#MSFT\n#DIS',43
2019-09-10 09:00:00,"b'For some of us #MSFT fan-ployees, absence does make the heart grow fonder. Good to see you Clippy!!! https://t.co/0NaqImx0l2'",154
2019-09-10 08:56:09,b'Microsoft Rolls Out Automated Office 365 Incident Response Tools https://t.co/sLNXsMcICQ #office365 #cybersecurity\xe2\x80\xa6 https://t.co/pRKPns2MlN',22631
2019-09-10 06:21:38,b'RT @magrom: What a brilliant piece of work - Microsoft the Musical - made by Microsoft employees ro show how your dreams become true #msft\xe2\x80\xa6',47
2019-09-10 06:10:45,b'#msft interns https://t.co/SK0FpUpUtj.  #micdrop',609
2019-09-10 05:28:34,b'$MSFT SHORT TARGETING 130  - #MSFT TradingView https://t.co/hGjhh4zeSC',494
2019-09-09 23:50:02,b'Microsoft to Release New Windows 10 Cumulative Updates https://t.co/iAZzSd2aNM\n#Microsoft #MicrosoftWindows\xe2\x80\xa6 https://t.co/3HXTx9WcD5',668
2019-09-09 23:45:03,b'Microsoft Focused On Launching Ori Sequel Exclusively On Xbox One And PC - Nintendo Life https://t.co/9DpVe4XziZ\xe2\x80\xa6 https://t.co/8DgEXVqGuX',336
2019-09-09 23:07:06,"b'For some of us #MSFT fan-ployees, absence does make the heart grow fonder. Good to see you Clippy! https://t.co/vsGuYTOcCy #MSFTAdvocate'",221
2019-09-09 22:40:14,b'Court rules startup may collect data from LinkedIn profiles $MSFT #MSFT #Technology #Lawsuits #Legalproceedings https://t.co/At2zRx83Ay',6393
2019-09-09 21:45:05,b'Microsoft Focused On Launching Ori Sequel Exclusively On Xbox One And PC - Nintendo Life https://t.co/gc5Wr52Pxu\xe2\x80\xa6 https://t.co/uPiSY7GgVI',668
2019-09-09 21:45:05,b'Microsoft to Release New Windows 10 Cumulative Updates https://t.co/dCPd5F83fS\n#Microsoft #MicrosoftWindows\xe2\x80\xa6 https://t.co/ej4JXsOPoB',336
2019-09-09 21:40:21,"b""Any VBA users out there? Here's Excel 5.0's Visual Basic for Applications editor in 1993. \n\n#excel #microsoft #vba\xe2\x80\xa6 https://t.co/T20OZ5kPyq""",232
2019-09-09 21:27:06,b'Announcing Managed Service for #MSFT Active Directory on #GCP  #paas #iaas #activedirectory #NoLockIn https://t.co/eG7b8QAKsb',886
2019-09-09 21:06:07,b'$MSFT finds support at 50-day moving average: https://t.co/9EjnOQ55Mm\nSentiment: Slightly bearish #MSFT #Microsoft',216
2019-09-09 19:40:03,"b""Windows 10 vs Windows 7 - Microsoft's most radical change is having a dramatic effect | https://t.co/iTXYXs0TEa\xe2\x80\xa6 https://t.co/3dYfS9A6bk""",668
2019-09-09 19:30:11,b'Microsoft Vision AI Developer Kit Simplifies Building Vision-Based Deep Learning Projects https://t.co/WS4MlqSb41\xe2\x80\xa6 https://t.co/MbbqbWxkUx',336
2019-09-09 17:40:04,"b""Windows 10 vs Windows 7 - Microsoft's most radical change is having a dramatic effect | https://t.co/ONXXfX0HGO\xe2\x80\xa6 https://t.co/qvKDsN3Blw""",336
2019-09-09 17:30:17,b'Microsoft Vision AI Developer Kit Simplifies Building Vision-Based Deep Learning Projects https://t.co/xfxNLIItjx\xe2\x80\xa6 https://t.co/cWHS8ocRSa',668
2019-09-09 16:03:15,b'RT @EFLC_PE: Amazing performances from these @ebbwfawr yr8 pupils in the bleep test this afternoon #toprunners #teamebbw #msft https://t.co\xe2\x80\xa6',291
2019-09-09 15:30:19,b'Wunderlist founder offers to buy back app from Microsoft - The Verge https://t.co/yzOboEzNw4\n#Wunderlist #App\xe2\x80\xa6 https://t.co/IEj772RI86',668
2019-09-09 15:26:01,b'Announcing the new version of Microsoft To Do\xe2\x80\x94we\xe2\x80\x99ve come a long way! #MSFT #ToDo\nhttps://t.co/WYQD4ZrxDc',646
2019-09-09 14:54:48,"b""Headed to @FoxBusiness to talk #tech #antitrust with @TeamCavuto. But if you're rooting for their stocks to freefal\xe2\x80\xa6 https://t.co/5uThuy1OK1""",864
2019-09-09 14:40:02,b'The Windows 10 Privacy Settings You Should Check Right #MSFT #Windows10 #Security\nNowhttps://bit.ly/2LHQmQj',226
2019-09-09 14:13:16,b'Comparing Bull/Bear Strength:\nPrice to daily EMA50:\n\n  #NDX  2.21%\n  #SPX  2.1%\n  #DJI  2.03%\n\n  #AMZN  0.14%\xe2\x80\xa6 https://t.co/CmMKL6MJDM',396
2019-09-09 14:07:28,b'What happen to #MRK and #MSFT',3
2019-09-09 13:26:50,b'Best in the Bleep!! Highest scorers in this afternoons @ebbwfawr Yr8 PE group! #topperfomers #topsathletes #msft https://t.co/3jjRnR5F7w',858
2019-09-09 13:25:07,b'Amazing performances from these @ebbwfawr yr8 pupils in the bleep test this afternoon #toprunners #teamebbw #msft https://t.co/g0Y7p91mQc',858
2019-09-09 12:42:23,"b'RT @schestowitz: People tell me about the #nytimes #MSFT ""Fluff Piece"".\nThis is common (from NY Times). Better to just ignore, IMHO.\n#BillG\xe2\x80\xa6'",7919
2019-09-09 10:17:23,b'Comparing Bull/Bear Strength:\nPrice to daily EMA50:\n\n  #NDX  2.2%\n  #SPX  1.92%\n  #DJI  1.74%\n\n  #AMZN  -0.28%\xe2\x80\xa6 https://t.co/6IgWG6A0vW',396
2019-09-09 09:53:46,b'Best in the Bleep!! Highest scorers in this mornings @ebbwfawr Yr7 PE group! #topperfomers #topsathletes #msft https://t.co/SvaTI3uIFE',858
2019-09-09 09:52:26,b'Fantastic effort from these @ebbwfawr year 7 pupils in the bleep test. Top scorers!!!  #topperfomers #topsathletes\xe2\x80\xa6 https://t.co/jfol4368FI',858
2019-09-09 08:37:37,"b'RT @schestowitz: People tell me about the #nytimes #MSFT ""Fluff Piece"".\nThis is common (from NY Times). Better to just ignore, IMHO.\n#BillG\xe2\x80\xa6'",1844
2019-09-09 08:33:44,"b'People tell me about the #nytimes #MSFT ""Fluff Piece"".\nThis is common (from NY Times). Better to just ignore, IMHO.\xe2\x80\xa6 https://t.co/xSsIlwXECw'",7919
2019-09-09 08:23:12,"b'RT @equitybulls: Infosys Collaborates with Microsoft to Enable Digital Transformation for JG Summit Holdings, Inc, Philippines\n\n#MSFT #Micr\xe2\x80\xa6'",2628
2019-09-09 08:19:38,"b'RT @equitybulls: Infosys Collaborates with Microsoft to Enable Digital Transformation for JG Summit Holdings, Inc, Philippines\n\n#MSFT #Micr\xe2\x80\xa6'",892
2019-09-09 08:16:13,"b'Infosys Collaborates with Microsoft to Enable Digital Transformation for JG Summit Holdings, Inc, Philippines\xe2\x80\xa6 https://t.co/MI5WQqiozH'",8378
2019-09-09 04:22:01,b'Genius of all sales mens ships Bill Gates created the biblical golden COW in multilevel Marketing of the Stanford-C\xe2\x80\xa6 https://t.co/BmHPEmEKdL',583
2019-09-09 03:48:36,b'Week 2 of options trading: +22.56% since beginning my journey \xf0\x9f\xa5\xb0\xf0\x9f\x93\x88\xf0\x9f\xa4\x91 \n\nHit the like button if you would love for me to\xe2\x80\xa6 https://t.co/u9zVYBpCIf',122
2019-09-08 19:57:33,"b""Microsoft Offices' support for other cloud providers is AMAZINGLY BAD on Windows (which you need for better Auto Sa\xe2\x80\xa6 https://t.co/o2OUXlhQEb""",940
2019-09-08 19:02:09,"b'Now Playing Baauer, msft - Sow (msft edit) @baauer, #msft'",4912
2019-09-08 18:52:27,"b'@MSLearning dear #MSFT team, during @MS_Ignite Mumbai, I had received couple of discount coupons for free\xe2\x80\xa6 https://t.co/NecRwoUdCl'",19
2019-09-08 17:54:31,"b'RT @EltonSwann: Great show for @BandHsbr tonight. Great fans, honored to play live music with great musicians Yes, between working as a ful\xe2\x80\xa6'",729
2019-09-08 17:13:56,"b'RT @EltonSwann: Great show for @BandHsbr tonight. Great fans, honored to play live music with great musicians Yes, between working as a ful\xe2\x80\xa6'",321
2019-09-08 17:12:38,b'\xf0\x9f\x92\xaf\xf0\x9f\x94\x9b\xf0\x9f\x96\xa5@Microsoft: Wunderlist founder wants to buy his app back from Microsoft https://t.co/kTxkAS10wC $MSFT #Microsoft\xe2\x80\xa6 https://t.co/9dthUquVGX',1989
2019-09-08 17:07:02,b'On my way to Frankfurt by train to deliver an App in day tommorow @ the #msft office.\nPassing the time by playing t\xe2\x80\xa6 https://t.co/wEtdbu4i5F',491
2019-09-08 11:55:00,"b'3 #ArtificialIntelligence Stocks to Buy: #MSFT, #UPS and #PANW #microsoft #ai #ml #investing  https://t.co/yLbcxb7SfW'",197
2019-09-08 06:00:36,b'#Microsoft MVPs are an invaluable source of knowledge and inspiration in the ecosystem. Hit follow on these #msft m\xe2\x80\xa6 https://t.co/IMEGe4Raoi',3186
2019-09-08 06:00:24,"b'Great show for @BandHsbr tonight. Great fans, honored to play live music with great musicians Yes, between working\xe2\x80\xa6 https://t.co/ziGABBRZhY'",178
2019-09-07 23:56:25,b'Ok so I have watched #microsofthemusical several times it\xe2\x80\x99s that awesome! Great job #msft interns!!!',55
2019-09-07 22:00:04,"b""Director of MIT's Media Lab steps down over Epstein ties $MSFT #MSFT #Technology #Crime #Humantrafficking https://t.co/haIlpOaRxU""",6393
2019-09-07 20:58:20,"b'Anything is possible with the right talent, culture and environment. #MSFT is a good example. Great job intens https://t.co/SRwGdJRtRx'",479
2019-09-07 20:49:00,b'RT @YungCrypt0: $MSFT in a huge ascending wedge - #MSFT chart https://t.co/LasPtxK3og',321
2019-09-07 20:46:41,b'So incredibly clever &amp; entertaining!  Listen for the line about the phone \xf0\x9f\x98\x82\xf0\x9f\x98\x82\n\nBut the primary messages about dreame\xe2\x80\xa6 https://t.co/iYZG0ctFOc',1310
2019-09-07 17:30:00,"b'#HedgeFund manager #Tiger Global Management, Chase #Coleman top buys of #Q22019, #Microsoft Corp. #MSFT https://t.co/CoDrj4m0S5'",31408
2019-09-07 15:57:44,"b'This chart is so ridiculous. Looks like distribution, and about to be a stop hunt towards $150 before the drop. $10\xe2\x80\xa6 https://t.co/zl9nykO2d4'",42
2019-09-07 12:14:20,b'It is all about helping #MSFT make more money in India with easier permits - the dark side of the Foundation. What\xe2\x80\xa6 https://t.co/Z88b2HNp7W',50
2019-09-07 12:06:20,b'RT @magrom: What a brilliant piece of work - Microsoft the Musical - made by Microsoft employees ro show how your dreams become true #msft\xe2\x80\xa6',2679
2019-09-07 08:57:00,b'What a brilliant piece of work - Microsoft the Musical - made by Microsoft employees ro show how your dreams become\xe2\x80\xa6 https://t.co/tvBueIogKJ',6320
2019-09-07 05:26:31,b'RT @arez_21: End of day #22 positions and results  \n\nCurrently holding #AMZN #DIS #MSFT #OKTA #TWLO #SPX https://t.co/Oz9ZySbplA',3825
2019-09-07 01:31:29,b'@bdsams Pretty awesome #msft !!!',55
2019-09-07 01:17:01,b'Clever and entertaining \xe2\x81\xa6@Microsoft\xe2\x81\xa9 \xe2\x81\xa6@Windows\xe2\x81\xa9 #microsoft #windows #billgates #msft \xe2\x81\xa6@BillGates\xe2\x81\xa9 #interns #xbox\xe2\x80\xa6 https://t.co/DTXgBDBwo5',141
2019-09-06 23:38:40,b'RT @tq_equities: $MSFT breaks below key technical support level: https://t.co/F3WAsjQxCx\nSentiment: Neutral #MSFT #Microsoft',2095
2019-09-06 21:19:36,b'Microsoft The Musical - made by 2019 #msft interns. It is so incredibly hilarious that you should definitely watch\xe2\x80\xa6 https://t.co/RXFjembZvg',2692
2019-09-06 21:09:49,b'End of day #22 positions and results  \n\nCurrently holding #AMZN #DIS #MSFT #OKTA #TWLO #SPX https://t.co/Oz9ZySbplA',156
2019-09-06 20:25:09,b'$MSFT breaks below key technical support level: https://t.co/F3WAsjQxCx\nSentiment: Neutral #MSFT #Microsoft',216
2019-09-06 20:23:37,b'#Paul #Allen\xe2\x80\x99s #Mega #Yacht Is on the Market for $325.5-M: $#MSFT Microsoft (NYSE:MSFT) co\xe2\x80\xa6 https://t.co/u1PjcEhV6K',45384
2019-09-06 18:38:10,b'RT @MalwareRE: Remember not long ago when one of the first things you did after installing Windows was to install a 3rd party AV?\n\nDec. 201\xe2\x80\xa6',98
2019-09-06 15:29:32,b'The Latest: Anti-monopoly group praises state Facebook probe $MSFT #MSFT #Technology #Monopolyandantitrust\xe2\x80\xa6 https://t.co/xt1OOsbgMs',6393
2019-09-06 14:36:52,"b'RT @sjoerdapp: \xf0\x9f\x92\xaf\xf0\x9f\x94\x9b\xf0\x9f\x96\xa5@Microsoft: Fancy Zones, a tiling window manager from Microsoft https://t.co/90uJ09AgC8 $MSFT #Microsoft #Technology #Tec\xe2\x80\xa6'",2095
2019-09-06 14:18:43,"b'RT @sjoerdapp: \xf0\x9f\x92\xaf\xf0\x9f\x94\x9b\xf0\x9f\x96\xa5@Microsoft: Fancy Zones, a tiling window manager from Microsoft https://t.co/90uJ09AgC8 $MSFT #Microsoft #Technology #Tec\xe2\x80\xa6'",137
2019-09-06 14:17:43,"b'\xf0\x9f\x92\xaf\xf0\x9f\x94\x9b\xf0\x9f\x96\xa5@Microsoft: Fancy Zones, a tiling window manager from Microsoft https://t.co/90uJ09AgC8 $MSFT #Microsoft\xe2\x80\xa6 https://t.co/ADs4VaF7N2'",1989
2019-09-06 12:18:38,"b'RT @sjoerdapp: \xf0\x9f\x92\xaf\xf0\x9f\x94\x9b\xf0\x9f\x96\xa5@Microsoft: Richard Stallman at Microsoft (no, we do not dream) https://t.co/36mUmYUplf $MSFT #Microsoft #Technology #Tec\xe2\x80\xa6'",137
2019-09-06 12:17:26,"b'\xf0\x9f\x92\xaf\xf0\x9f\x94\x9b\xf0\x9f\x96\xa5@Microsoft: Richard Stallman at Microsoft (no, we do not dream) https://t.co/36mUmYUplf $MSFT #Microsoft\xe2\x80\xa6 https://t.co/M0j37CoozZ'",1989
2019-09-06 12:00:15,b'Microsoft PowerToys 0.11.0 Preview has garnered quite a bit of interest. Did you use the classic PowerToys and have\xe2\x80\xa6 https://t.co/RPLAPhM0oO',12916
2019-09-06 11:21:26,b'#Autochartist #MSFT #AscendingTriangle #Bullish \nMicrosoft Corporation has broken through the resistance line of a\xe2\x80\xa6 https://t.co/6l7SflbrdR',11563
2019-09-06 08:34:45,b'Microsoft target + $150  - #MSFT chart https://t.co/yClMgiZyHD',63
2019-09-06 07:48:42,"b'#MSFT building a base, keep it in your watch list and wait for more tight in price action and breakout'",43
2019-09-06 01:55:45,b'RT @arez_21: End of lucky day #21 unloaded a bunch of positions today and added a bit to #MSFT \xe2\x80\x94- #AMZN #IBM #AVGO #OKTA #PANW #QRVO #TWLO\xe2\x80\xa6',3825
2019-09-06 00:58:00,b'VIDEO: Tech giants meet with government agencies to talk 2020 election security #2020Election #Voting #VoterFraud\xe2\x80\xa6 https://t.co/j9aqb3RAcr',9846
2019-09-06 00:35:31,b'RT @cloud_total: Learn how to deploy a Dynamics 365 for Finance and Operations onebox (VM) to Azure using the Lifecycle Services (LCS) port\xe2\x80\xa6',2744
2019-09-05 23:15:03,b'Microsoft Fortune Helps Social Good Organization Harness Technology - The Chronicle of Philanthropy\xe2\x80\xa6 https://t.co/yMw7ATITWT',668
2019-09-05 23:10:04,b'Microsoft Releases New Surface Pro Firmware Updates https://t.co/NPFMto0wbf\n#Microsoft #MicrosoftSurface #MSSurface\xe2\x80\xa6 https://t.co/EwT4mdB1Qi',336
2019-09-05 21:48:24,"b'\xf0\x9f\x92\xaf\xf0\x9f\x94\x9b\xf0\x9f\x96\xa5@Microsoft: PowerToys \xe2\x80\x93 Utilities to make Windows 10 more productive, by Microsoft https://t.co/JzYpVmsduS $MSFT\xe2\x80\xa6 https://t.co/rc3bx1yInY'",1989
2019-09-05 21:24:01,b'$MSFT climbs to highest close since July 30th: https://t.co/ReTGhqF6gB\nSentiment: Bullish #MSFT #Microsoft',216
2019-09-05 21:15:06,b'Microsoft Fortune Helps Social Good Organization Harness Technology - The Chronicle of Philanthropy\xe2\x80\xa6 https://t.co/C3xMjhLfTb',336
2019-09-05 21:10:05,b'Microsoft Releases New Surface Pro Firmware Updates https://t.co/OSE5Q0QspL\n#Microsoft #MicrosoftSurface #MSSurface\xe2\x80\xa6 https://t.co/ffZJVOYQBe',668
2019-09-05 20:26:54,b'End of lucky day #21 unloaded a bunch of positions today and added a bit to #MSFT \xe2\x80\x94- #AMZN #IBM #AVGO #OKTA #PANW\xe2\x80\xa6 https://t.co/WoMumOaTHF',3825
2019-09-05 20:26:04,b'End of lucky day #21 unloaded a bunch of positions today and added a bit to #MSFT \xe2\x80\x94- #AMZN #IBM #AVGO #OKTA #PANW\xe2\x80\xa6 https://t.co/bZpvd1B3s3',156
2019-09-05 19:56:27,b'David White hosts the Power Trading Hour for Thursday on @TFNN\nDavid will discuss #MSFT $MU $BA $TLT $GLD $GOOGL\xe2\x80\xa6 https://t.co/aDBmeoZ54C',76108
2019-09-05 19:40:05,"b'Microsoft PowerToys 0.11.0 Preview is now out, though not much to look at currently. You decide -\xe2\x80\xa6 https://t.co/CEGBpa3Fbd'",12916
2019-09-05 19:33:50,b'RT @Mortezae: Liquidware is the proud #platinumsponsor of the #UKCitrixUg in #glasgow. At 11:45am George Swain will be presenting what the\xe2\x80\xa6',37
2019-09-05 19:29:37,b'Modernize employee experience with this no-code chatbot in Teams\n\n#MicrosoftTeams #Office365 #Microsoft #Teams\xe2\x80\xa6 https://t.co/M71gpdWkV0',54
2019-09-05 19:10:08,"b'New Microsoft app icons spotted for Groove Music, To-Do, Solitaire, and Weather - OnMSFT | https://t.co/Flodz5W241\xe2\x80\xa6 https://t.co/It1CnPofaT'",336
2019-09-05 18:37:12,"b'RT @GeekTrainer: Good morning, San Francisco! How about we all meet at the @MSFTReactor and chat about AI? #MSFT #MSFTReactor #cognitiveser\xe2\x80\xa6'",1212
2019-09-05 18:36:05,b'Added today #MSFT #Microsoft https://t.co/Smd63dH7gD',156
2019-09-05 18:34:48,b'Easy to identify and simple rule of symmetry break here in $MSFT #MSFT #Microsoft https://t.co/GbhubpXyXz',156
2019-09-05 17:43:11,"b'RT @GeekTrainer: Good morning, San Francisco! How about we all meet at the @MSFTReactor and chat about AI? #MSFT #MSFTReactor #cognitiveser\xe2\x80\xa6'",1045
2019-09-05 17:15:08,"b'New Microsoft app icons spotted for Groove Music, To-Do, Solitaire, and Weather - OnMSFT | https://t.co/CO16iUOw0R\xe2\x80\xa6 https://t.co/fP0D1MdW5k'",668
2019-09-05 17:09:56,"b'https://t.co/7X3P17n3Ys Another nail in the coffin for #MSFT #Windows Embedded The ""Cloud First, Mobile First"" has\xe2\x80\xa6 https://t.co/uC4mGNUDdR'",50
2019-09-05 15:30:25,"b""Microsoft and Qualcomm's Vision AI Developer Kit hits general availability | Windows Central\xe2\x80\xa6 https://t.co/QPyy4hPjXO""",336
2019-09-05 15:02:01,b'The Brokers at GSIMarkets whould like to inform you that: Microsoft Corp (MSFT) stock rose by 1.6057%! Currently pr\xe2\x80\xa6 https://t.co/y4qF02q6uX',534
2019-09-05 15:00:10,b'Microsoft buys cloud-migration specialist Movere \n#MSFT #CloudMigration\nhttps://t.co/T7DiDlxVaK',226
2019-09-05 14:55:45,b'RT @Mirazon: Top web browsers 2019: Edge edges up\n#MSFT #Edge\nhttps://t.co/K5z1JJoBO2',226
2019-09-05 14:54:23,"b'RT @GeekTrainer: Good morning, San Francisco! How about we all meet at the @MSFTReactor and chat about AI? #MSFT #MSFTReactor #cognitiveser\xe2\x80\xa6'",8094
2019-09-05 14:54:18,b'Automate More Across @Microsoft Cloud: Office 365 and Dynamics 365 \n\nhttps://t.co/GJPLJ1q8NB\n\n#microsoftazure\xe2\x80\xa6 https://t.co/T3nudZr2Xr',22
2019-09-05 14:50:02,b'Top web browsers 2019: Edge edges up\n#MSFT #Edge\nhttps://t.co/K5z1JJoBO2',646
2019-09-05 14:43:12,"b'Good morning, San Francisco! How about we all meet at the @MSFTReactor and chat about AI? #MSFT #MSFTReactor\xe2\x80\xa6 https://t.co/sUjc47FyFy'",9496
2019-09-05 14:27:48,b'$MSFT #MSFT Microsoft . Tiene CEDEAR https://t.co/JGFRKwHYVg',21
2019-09-05 13:36:34,b'@vinodpoojary7 @MSFT365Status Aaaa another \xf0\x9f\x92\xa9 result of the cheap greedy #microsoft strategy to sqeeeze any $ from t\xe2\x80\xa6 https://t.co/OEbidkHdFp',21
2019-09-05 13:25:04,"b""Microsoft and Qualcomm's Vision AI Developer Kit hits general availability | Windows Central\xe2\x80\xa6 https://t.co/asK4w0QIvG""",668
2019-09-05 12:48:58,b'Looks like we\xe2\x80\x99ll get a great open this morning  #AMZN #IBM #AVGO #ABG #MSFT #OKTA #PANW #QRVO #TWLO #TWTR #SPX https://t.co/VaJbVK7sFw',156
2019-09-05 10:48:26,b'RT @Mortezae: Liquidware is the proud #platinumsponsor of the #UKCitrixUg in #glasgow. At 11:45am George Swain will be presenting what the\xe2\x80\xa6',202
2019-09-05 09:30:37,b'Liquidware is the proud #platinumsponsor of the #UKCitrixUg in #glasgow. At 11:45am George Swain will be presenting\xe2\x80\xa6 https://t.co/LreGs2AzsO',267
2019-09-05 08:30:01,b'Want to know how the #Movere founders feel about the #MSFT aquisition https://t.co/EBK52Z8fyA',626
2019-09-05 07:29:23,b'RT @pcgeek86: Detecting Text Patterns with Regular Expressions in #PowerShell https://t.co/oD7kIQBpRh #Microsoft #msft https://t.co/0B4DH6J\xe2\x80\xa6',172
2019-09-05 04:56:16,b'RT @pcgeek86: Detecting Text Patterns with Regular Expressions in #PowerShell https://t.co/oD7kIQBpRh #Microsoft #msft https://t.co/0B4DH6J\xe2\x80\xa6',747
2019-09-05 03:18:04,"b""RT @CRMPortal: Microsoft's Vision AI Developer Kit is now generally available | VentureBeat https://t.co/S4qFjuWOE1\n#Microsoft #AI #Artific\xe2\x80\xa6""",352
2019-09-05 03:10:44,b'We are very excited to be launching Multi-Entity Management for D365 Business Central in the United Kingdom! \xf0\x9f\x87\xac\xf0\x9f\x87\xa7\xf0\x9f\x92\x82\xe2\x80\xa6 https://t.co/mvSDqzmuHm',33
2019-09-05 02:40:50,b'RT @WGA_CONSULTING: Revenue generated each hour:\n#Amazon $29.0 million per hour\n#Apple     $24.6 million per hour\n#Google   $17.8 million p\xe2\x80\xa6',608
2019-09-05 02:40:38,b'Revenue generated each hour:\n#Amazon $29.0 million per hour\n#Apple     $24.6 million per hour\n#Google   $17.8 milli\xe2\x80\xa6 https://t.co/weXHtmtUSp',1354
2019-09-04 23:30:59,"b""Make sure you're choosing the right #EDI vendor with this simple checklist. #ERP #Macola #MSFT #MSDyn #EDIMadeSimple https://t.co/FZl8ZLcSTv""",2058
